{
    "java": {
        "death.attack.anvil": "%s被坠落的铁砧压扁了",
        "death.attack.arrow": "%s被%s射杀",
        "death.attack.arrow.item": "%s被%s用%s射杀",
        "death.attack.bullet": "%s被%s射杀",
        "death.attack.cactus": "%s被戳死了",
        "death.attack.cactus.player": "%s在试图逃离%s时撞上了仙人掌",
        "death.attack.drown": "%s淹死了",
        "death.attack.drown.player": "%s在试图逃离%s时淹死了",
        "death.attack.explosion": "%s爆炸了",
        "death.attack.explosion.player": "%s被%s炸死了",
        "death.attack.fall": "%s落地过猛",
        "death.attack.fallingBlock": "%s被下落的方块压扁了",
        "death.attack.fireball": "%s被%s用火球烧死了",
        "death.attack.fireball.item": "%s被%s用%s发射的火球烧死了",
        "death.attack.fireworks": "%s随着一声巨响消失了",
        "death.attack.flyIntoWall": "%s感受到了动能",
        "death.attack.freeze": "%s被冻死了",
        "death.attack.generic": "%s死了",
        "death.attack.indirectMagic": "%s被%s使用的魔法杀死了",
        "death.attack.indirectMagic.item": "%s被%s用%s杀死了",
        "death.attack.inFire": "%s浴火焚身",
        "death.attack.inFire.player": "%s在与%s战斗时踏入了火中",
        "death.attack.inWall": "%s在墙里窒息而亡",
        "death.attack.lava": "%s试图在熔岩里游泳",
        "death.attack.lava.player": "%s在逃离%s时试图在熔岩里游泳",
        "death.attack.lightningBolt": "%s被闪电击中",
        "death.attack.magic": "%s被魔法杀死了",
        "death.attack.magma": "%s发现了地板是熔岩做的",
        "death.attack.magma.player": "%s因%s而步入危险之地",
        "death.attack.mob": "%s被%s杀死了",
        "death.attack.mob.item": "%s被%s用%s杀死了",
        "death.attack.onFire": "%s被烧死了",
        "death.attack.onFire.player": "%s在与%s战斗时被烤得酥脆",
        "death.attack.outOfWorld": "%s掉出了这个世界",
        "death.attack.player": "%s被%s杀死了",
        "death.attack.player.item": "%s被%s用%s杀死了",
        "death.attack.sonicBoom": "%s被一道音波尖啸抹除了",
        "death.attack.sonicBoom.player": "%s在试图逃离%s时被一道音波尖啸抹除了",
        "death.attack.spit": "%s被%s的口水淹死了",
        "death.attack.stalactite": "%s被坠落的钟乳石刺穿了",
        "death.attack.stalagmite": "%s被石笋刺穿了",
        "death.attack.starve": "%s饿死了",
        "death.attack.sweetBerry": "%s被甜浆果丛刺死了",
        "death.attack.thorns": "%s在试图伤害%s时被杀",
        "death.attack.thrown": "%s被%s给砸死了",
        "death.attack.thrown.item": "%s被%s用%s给砸死了",
        "death.attack.trident": "%s被%s刺死了",
        "death.attack.wither": "%s凋零了",
        "death.fell.accident.generic": "%s从高处摔了下来",
        "death.fell.accident.ladder": "%s从梯子上摔了下来",
        "death.fell.accident.vines": "%s从藤蔓上摔了下来",
        "death.fell.accident.water": "%s从水中掉了下来",
        "death.fell.assist": "%s因为%s注定要摔死",
        "death.fell.assist.item": "%s因为%s使用了%s注定要摔死",
        "death.fell.finish": "%s摔伤得太重并被%s完结了生命",
        "death.fell.finish.item": "%s摔伤得太重并被%s用%s完结了生命",
        "death.fell.killer": "%s注定要摔死"
    },
    "bedrock": {
        "death.attack.anvil": "%s 被坠落的铁砧压扁了",
        "death.attack.arrow": "%s 被 %s 射杀",
        "death.attack.arrow.item": "%s 被 %s 用 %s 射杀",
        "death.attack.bullet": "%s 被 %s 狙击了",
        "death.attack.cactus": "%s 被戳死了",
        "death.attack.cactus.player": "%s 在试图逃离 %s 时撞入了仙人掌中",
        "death.attack.drown": "%s 淹死了",
        "death.attack.drown.player": "%s 在试图逃离 %s 时淹死了",
        "death.attack.explosion": "%s 爆炸了",
        "death.attack.explosion.player": "%s 被 %s 炸死了",
        "death.attack.fall": "%s落地过猛",
        "death.attack.fallingBlock": "%s 被下落的方块压扁了",
        "death.attack.fireball": "%s 被 %s 用火球烤死了",
        "death.attack.fireball.item": "%s 被 %s 用 %s 发射的火球烤死了",
        "death.attack.fireworks": "%s 在一声巨响中阵亡了",
        "death.attack.flyIntoWall": "%s 遭受了动态能量",
        "death.attack.freeze": "%s 冻死了",
        "death.attack.generic": "%s 死了",
        "death.attack.indirectMagic": "%s 被 %s 使用的魔法杀死了",
        "death.attack.indirectMagic.item": "%s 被 %s 用 %s 杀死了",
        "death.attack.inFire": "%s 浴火焚身",
        "death.attack.inFire.player": "%s 在与 %s 战斗中不慎走入了火中",
        "death.attack.inWall": "%s 在墙里窒息而亡",
        "death.attack.lava": "%s 试图在熔岩里游泳",
        "death.attack.lava.player": "%s 在逃离 %s 时试图在熔岩里游泳",
        "death.attack.lightningBolt": "%s 被闪电击中",
        "death.attack.magic": "%s 被魔法杀死了",
        "death.attack.magma": "%s 发现地面是熔岩",
        "death.attack.magma.player": "由于 %s，%s 行走于危险地带",
        "death.attack.mob": "%s 被 %s 杀死了",
        "death.attack.mob.item": "%s 被 %s 用 %s 杀死了",
        "death.attack.onFire": "%s 被烧死了",
        "death.attack.onFire.player": "%s 在试图与 %s 战斗时被烤的酥脆",
        "death.attack.outOfWorld": "%s 掉出了这个世界",
        "death.attack.player": "%s 被 %s 杀死了",
        "death.attack.player.item": "%s 被 %s 用 %s 杀死了",
        "death.attack.sonicBoom": "%s 被一声尖锐的尖叫声摧毁了",
        "death.attack.sonicBoom.player": "%s 在试图逃离 %s 时被一声尖锐的尖叫声摧毁了",
        "death.attack.spit": "%s 被 %s 吹了纸团",
        "death.attack.stalactite": "%s 被坠落的钟乳石刺穿了",
        "death.attack.stalagmite": "%s 被钉在了石笋上",
        "death.attack.starve": "%s 饿死了",
        "death.attack.sweetBerry": "%s 被甜浆果灌木丛刺死了",
        "death.attack.thorns": "%s 在试图伤害 %s 时被杀",
        "death.attack.thrown": "%s 被 %s 给砸死了",
        "death.attack.thrown.item": "%s 被 %s 用 %s 给砸死了",
        "death.attack.trident": "%s 被 %s 穿透了",
        "death.attack.wither": "%s 凋谢了",
        "death.fell.accident.generic": "%s 从高处摔了下来",
        "death.fell.accident.ladder": "%s 从梯子上摔了下来",
        "death.fell.accident.vines": "%s 从一些藤蔓上摔了下来",
        "death.fell.accident.water": "%s 从水中掉了下来",
        "death.fell.assist": "%s 因为 %s 注定要摔死",
        "death.fell.assist.item": "%s 因为 %s 使用了 %s 注定要摔死",
        "death.fell.finish": "%s 摔伤得太重并被 %s 完结了生命",
        "death.fell.finish.item": "%s 摔伤得太重并被 %s 用 %s 完结了生命",
        "death.fell.killer": "%s 注定要摔死"
    }
}